{"accuracy": [0.38917168974876404, 0.6149930357933044, 0.6945858597755432, 0.734844982624054, 0.7686256170272827, 0.7755668759346008, 0.8042572736740112, 0.8107357621192932, 0.8213790059089661, 0.8435909152030945, 0.8523831367492676, 0.8570106625556946, 0.8459046483039856, 0.8722813725471497, 0.8621008992195129], "val_accuracy": [0.6666666865348816, 0.745726466178894, 0.7735042572021484, 0.7948718070983887, 0.7948718070983887, 0.7735042572021484, 0.7927350401878357, 0.7820512652397156, 0.7948718070983887, 0.8205128312110901, 0.7820512652397156, 0.7799145579338074, 0.7777777910232544, 0.7970085740089417, 0.8012820482254028], "loss": [2.3121654987335205, 1.249361276626587, 0.9409409761428833, 0.8139171600341797, 0.7265405654907227, 0.6894233822822571, 0.599730908870697, 0.5558302998542786, 0.5283135175704956, 0.4621082842350006, 0.43443191051483154, 0.4151626229286194, 0.4240569472312927, 0.3606067895889282, 0.4263605773448944], "val_loss": [1.0578666925430298, 0.7706412076950073, 0.7077728509902954, 0.6561090350151062, 0.6700634360313416, 0.689782977104187, 0.6477934122085571, 0.6528482437133789, 0.6411045789718628, 0.6121283769607544, 0.7060622572898865, 0.7341231107711792, 0.7449883222579956, 0.6794092655181885, 0.70872563123703]}